Indicator,R_squared,R_squared_pct,Coefficient,P_value,Std_Error,Significant,Variables_Used,indicator_display,category_group,significance_level,correlation_direction,luxury_ratio
indiesleaze,0.1135939001052367,11.359390010523674,-0.4465750153193375,4.134328683591411e-08,0.0788975069076005,True,3,Indiesleaze,Fashion Trends,Highly Significant,Negative (Inverse),0.6522268363680861
lipstickindex,3.669513239668021e-05,0.003669513239668,-0.0221983121345874,0.9237707431561984,0.231759610107402,False,2,Lipstickindex,Beauty & Cosmetics,Not Significant,Negative (Inverse),0.00021069397292479666
maxiskirt,0.0288104009273971,2.8810400927397173,-0.2271966841156656,0.0069191987606704,0.0834275220949343,True,3,Maxiskirt,Fashion Trends,Significant,Negative (Inverse),0.16542188122745968
bigbag,0.1542856800173817,15.428568001738174,-0.5341618345072279,1.0054229736320186e-10,0.0790955195399421,True,3,Bigbag,Accessories,Highly Significant,Negative (Inverse),0.885868527107616
highheelindex,0.0945804195371672,9.458041953716725,-0.3983684259438494,6.392869434619647e-07,0.0779541478319702,True,3,Highheelindex,Accessories,Highly Significant,Negative (Inverse),0.5430563415812242
peplums,0.0221209055626685,2.2120905562668547,-0.3460828949869721,0.0181547155425579,0.1455295748642848,True,2,Peplums,Fashion Trends,Significant,Negative (Inverse),0.12701252654737705
blazers,0.0952388502252109,9.523885022521094,-0.3904852659742196,5.818409829365749e-07,0.0761192581712466,True,2,Blazers,Fashion Trends,Highly Significant,Negative (Inverse),0.5468368805382682
mini,0.174163180309756,17.41631803097561,-0.5215339096881642,4.853062826481615e-12,0.0718259691176816,True,4,Mini,Fashion Trends,Highly Significant,Negative (Inverse),1.0
