Overall_Rank,Indicator,Category,Data_Type,Tier,Significant,Significance_Level,R²,R2_Percent,Adj_R²,Adj_R2_Percent,R2_Interpretation,Coefficient,P-value,F-statistic,Std_Error,Rank_by_R2,Rank_by_Coefficient,Rank_by_Pvalue,Rank_by_Fscore,Composite_Score
1,Mini Skirts,Fashion,Search Behavior,Tier 1: Strong Indicators,Yes,***,0.1831635484453692,18.31635484453692,0.1798962026391506,17.98962026391506,High Explanatory Power,-0.5347838057904801,1.204010754213183e-12,56.05881939302725,0.0714259908770619,1,1,1,1,0.9999999999999999
2,Blazers,Fashion,Search Behavior,Tier 1: Strong Indicators,Yes,***,0.1696102994679804,16.96102994679804,0.1662887406658524,16.62887406658524,High Explanatory Power,-0.4936270750374693,9.772114226850746e-12,51.06346434671377,0.0690786488749255,2,2,2,2,1.9999999999999998
3,High Heel Index,Fashion,Search Behavior,Tier 1: Strong Indicators,Yes,***,0.1352356252369577,13.52356252369577,0.1317765677379055,13.17765677379055,Moderate Explanatory Power,-0.4406726276194115,1.733059197110701e-09,39.096090560510845,0.0704773245584082,3,3,3,3,3.0
4,Big Bag,Accessories,Search Behavior,Tier 2: Moderate Indicators,Yes,***,0.1274825920653848,12.748259206538478,0.1239925224336463,12.399252243364629,Moderate Explanatory Power,-0.4236470476756455,5.438542700359429e-09,36.52723455889434,0.0700964118460601,4,4,4,4,3.9999999999999996
5,Indie Sleaze,Fashion,Search Behavior,Tier 2: Moderate Indicators,Yes,***,0.0761427858421984,7.61427858421984,0.0724473569855672,7.24473569855672,Low Explanatory Power,-0.334768807772364,8.77946820927271e-06,20.60458712540636,0.0737501702747192,5,5,5,5,5.0
6,Maxi Skirt,Fashion,Search Behavior,Tier 3: Weak Indicators,Yes,***,0.0610146830618768,6.10146830618768,0.0572587417941243,5.72587417941243,Low Explanatory Power,-0.2930381206198336,7.392738846708735e-05,16.24484482378163,0.0727053445263987,6,6,6,6,6.0
7,Lipstick Index,Beauty & Cosmetics,Search Behavior,Tier 3: Weak Indicators,Yes,***,0.0563933375980332,5.63933375980332,0.0526189109484253,5.261891094842531,Low Explanatory Power,-0.2834692472822178,0.0001414591260971,14.94090171387807,0.0733360553428222,7,7,7,7,7.000000000000001
8,Peplums,Fashion,Search Behavior,Tier 3: Weak Indicators,No,ns,0.0004462133380993,0.044621333809930004,-0.0035520018085481,-0.35520018085481,Very Low Explanatory Power,0.024958508554532,0.7386063841751334,0.1116031333314974,0.0747102923254588,8,8,8,8,7.999999999999999
