,cci,cpi,inflation_yoy
beauty_sales,7.798926072683508e-32,0.0,2.4511953193331928e-08
fashion_sales,9.713772104606596e-12,1.668903760848274e-22,0.6966634644499902
beauty_growth,1.2527098849771802e-08,3.6016681314915715e-05,0.00013385279837450922
fashion_growth,0.366561273420127,0.4045561503720935,0.2011451127655975
