Category,Coefficient,R²,Adj_R²,P-value,F-statistic,N_months,Significant,Direction
Beauty & Personal Care (NAICS 446),-293.78307086711175,0.24793147152837758,0.24606065429337354,1.0639702673960946e-26,132.52575766859596,404,Yes,Negative
Women's Clothing (NAICS 44812),-8.523892104405764,0.10032358526688956,0.09808558423521507,7.261902239690877e-11,44.82731859682411,404,Yes,Negative
