,cci,cpi,inflation_yoy
beauty_sales,-0.5459703704938361,0.9952416985869423,0.2770195812965037
fashion_sales,-0.3350675456407208,0.4657844102031552,-0.019750457624516448
beauty_growth,0.28253306161001235,-0.20707500575382545,0.19172159907335293
fashion_growth,0.04572718945156892,0.042214744547619115,0.06470264843416806
