Indicator,Coefficient,R²,Adj_R²,P-value,F-statistic,Std_Error,Significant,Category,Data_Type
Mini Skirts,-0.5347838057904801,0.1831635484453692,0.17989620263915063,1.2040107542131827e-12,56.05881939302725,0.07142599087706193,Yes,Fashion,Search Behavior
Blazers,-0.4936270750374693,0.16961029946798045,0.16628874066585242,9.772114226850746e-12,51.06346434671377,0.06907864887492553,Yes,Fashion,Search Behavior
High Heel Index,-0.4406726276194115,0.13523562523695776,0.13177656773790558,1.733059197110701e-09,39.096090560510845,0.07047732455840822,Yes,Fashion,Search Behavior
Big Bag,-0.42364704767564554,0.12748259206538481,0.12399252243364633,5.4385427003594296e-09,36.52723455889434,0.07009641184606011,Yes,Accessories,Search Behavior
Indie Sleaze,-0.33476880777236406,0.07614278584219847,0.07244735698556726,8.77946820927271e-06,20.60458712540636,0.07375017027471928,Yes,Fashion,Search Behavior
Maxi Skirt,-0.2930381206198336,0.06101468306187685,0.05725874179412438,7.392738846708735e-05,16.24484482378163,0.07270534452639872,Yes,Fashion,Search Behavior
Lipstick Index,-0.2834692472822178,0.05639333759803322,0.0526189109484253,0.00014145912609716553,14.94090171387807,0.07333605534282225,Yes,Beauty & Cosmetics,Search Behavior
Peplums,0.024958508554532077,0.00044621333809935493,-0.0035520018085481997,0.7386063841751334,0.11160313333149745,0.07471029232545884,No,Fashion,Search Behavior
